<?xml version="1.0" encoding="UTF-8"?>
<configuration>
    <property resource="application.properties" />

    <appender name="STDOUT" class="ch.qos.logback.core.ConsoleAppender">
        <layout class="ch.qos.logback.classic.PatternLayout">
            <Pattern>
                %msg%n
            </Pattern>
        </layout>
    </appender>

    <logger name="${basePackage}.mapper" level="debug" additivity="false">
        <appender-ref ref="STDOUT" />
    </logger>

    <root level="error">
        <appender-ref ref="STDOUT" />
    </root>
</configuration>