<?xml version="1.0" encoding="UTF-8"?>
<beans xmlns="http://www.springframework.org/schema/beans"
       xmlns:xsi="http://www.w3.org/2001/XMLSchema-instance"
       xmlns:tx="http://www.springframework.org/schema/tx" xmlns:context="http://www.springframework.org/schema/context"
       xsi:schemaLocation="http://www.springframework.org/schema/beans http://www.springframework.org/schema/beans/spring-beans.xsd http://www.springframework.org/schema/tx http://www.springframework.org/schema/tx/spring-tx.xsd http://www.springframework.org/schema/context http://www.springframework.org/schema/context/spring-context.xsd">

    <!--使用外部文件-->
    <context:property-placeholder ignore-unresolvable="true" location="classpath:application.properties" />

    <!--创建数据源-->
    <bean id="dataSource" class="com.mchange.v2.c3p0.ComboPooledDataSource">
        <property name="driverClass" value="${jdbc.driver}" />
        <property name="jdbcUrl" value="${jdbc.url}" />
        <property name="user" value="${jdbc.user}" />
        <property name="password" value="${jdbc.password}" />

        <property name="maxPoolSize" value="30" />
        <property name="minPoolSize" value="10" />
        <property name="autoCommitOnClose" value="false" />
        <property name="checkoutTimeout" value="10000" />
        <property name="acquireRetryAttempts" value="2" />
    </bean>

    <!--配置 mybatis-->
    <bean id="sqlSessionFactory" class="org.mybatis.spring.SqlSessionFactoryBean">
        <property name="configLocation" value="classpath:mybatis-config.xml" />
        <property name="dataSource" ref="dataSource" />
        <property name="mapperLocations" value="classpath:mapper/*.xml" />
        <property name="typeAliasesPackage" value="${basePackage}.entity" />
    </bean>

    <!--自动注入 Mapper-->
    <bean class="org.mybatis.spring.mapper.MapperScannerConfigurer">
        <property name="sqlSessionFactoryBeanName" value="sqlSessionFactory" />
        <property name="basePackage" value="**/mapper" /> <!-- 指定 mapper 接口所在的包 -->
    </bean>

    <!--配置声明式事务管理-->
    <bean id="transactionManager" class="org.springframework.jdbc.datasource.DataSourceTransactionManager">
        <property name="dataSource" ref="dataSource" />
    </bean>
    <tx:annotation-driven proxy-target-class="true" />

</beans>