<?xml version="1.0" encoding="UTF-8"?>
<beans xmlns="http://www.springframework.org/schema/beans"
       xmlns:xsi="http://www.w3.org/2001/XMLSchema-instance"
       xmlns:context="http://www.springframework.org/schema/context"
       xmlns:mvc="http://www.springframework.org/schema/mvc"
       xsi:schemaLocation="http://www.springframework.org/schema/beans http://www.springframework.org/schema/beans/spring-beans.xsd http://www.springframework.org/schema/context http://www.springframework.org/schema/context/spring-context.xsd http://www.springframework.org/schema/cache http://www.springframework.org/schema/cache/spring-cache.xsd http://www.springframework.org/schema/mvc http://www.springframework.org/schema/mvc/spring-mvc.xsd">

    <!--启用注解扫描-->
    <context:component-scan base-package="com.nf147.todo.controller"/>

    <!--启用 mvc 的常用注解-->
    <mvc:annotation-driven />

    <!--将所有的静态资源交还 Servlet 处理-->
    <mvc:default-servlet-handler/>

    <!--配置返回页面-->
    <bean class="org.springframework.web.servlet.view.InternalResourceViewResolver">
        <property name="viewClass" value="org.springframework.web.servlet.view.JstlView"/>
        <property name="prefix" value="/WEB-INF/jsp/"/>
        <property name="suffix" value=".jsp"/>
    </bean>

    <!--配置上传下载-->
    <bean id="multipartResolver" class="org.springframework.web.multipart.support.StandardServletMultipartResolver"/>


    <!--配置验证器-->
    <bean id="myValidator" class="org.springframework.validation.beanvalidation.LocalValidatorFactoryBean">
        <property name="providerClass" value="org.hibernate.validator.HibernateValidator"/>
        <property name="validationMessageSource" ref="messageSource"/>
    </bean>

    <!--引入其他的配置-->
    <import resource="web-mvc-others.xml" />

</beans>